Frequency_Hz,Magnitude_CH1,Magnitude_CH2,Phase_CH1,Phase_CH2,Transf_Magnitude,Transf_Phase
99.9999998363421,-0.04807172170625676,-11.21197927902325,-0.05873040724703787,88.8944180368129,-30.932276858327757,88.95314844405995
102.7459483774828,-0.04161904444610614,-10.93072049451006,-0.1075722877748682,88.7471923935356,-30.65747075107472,88.85476468131047
105.5672992526529,-0.04274375539462764,-10.77839460323815,-0.08847146234919812,87.71488477294962,-30.504020148854288,87.80335623529882
108.466122971147,-0.04943294811846404,-10.43956795760271,-0.1042859816831548,88.9740333030026,-30.15850431049501,89.07831928468575
111.4445468973795,-0.0399542617654251,-10.37770267861457,-0.08283649490503357,88.42625697940423,-30.10611771785991,88.50909347430927
114.5047568120973,-0.04077456549525988,-10.12758014534981,-0.0561542644832787,87.31530434542495,-29.855174880865313,87.37145860990823
117.6489985164616,-0.03643313480491473,-9.806030171087393,-0.1022730175963291,87.74371050067849,-29.53796633729324,87.84598351827482
120.8795794801782,-0.04821984369173017,-9.54958916504079,-0.1016484901607742,87.11445035816486,-29.269738622359824,87.21609884832563
124.1988705348835,-0.04761719632230851,-9.404781509328249,-0.1082314603265347,87.41840894066596,-29.125533614016703,87.52664040099249
127.6093076140309,-0.03934594816529752,-9.209026257813322,-0.09036204999608134,87.97582697128722,-28.938049610658787,88.06618902128331
131.1133935405529,-0.03719400804718781,-8.853673222393766,-0.1170228816104443,88.01418504932873,-28.584848515357344,88.13120793093917
134.713699863612,-0.0588469995310163,-8.720860114191572,-0.1312377201549287,87.34211597548803,-28.430382415671318,87.47335369564296
138.4128687457876,-0.04715778639857572,-8.413114506034345,-0.1024364058692166,88.16080960644581,-28.134326020646533,88.26324601231502
142.2136149020837,-0.04859718449850974,-8.233259626771426,-0.08232921542913936,87.06725887592174,-27.95303174328368,87.14958809135088
146.1187275921821,-0.05948119117033994,-7.955448181574518,-0.109886007830526,87.2236334408601,-27.66433629141494,87.33351944869062
150.1310726673995,-0.06367187485991302,-7.725946492242821,-0.1078539964716007,87.82837380697556,-27.430643918393674,87.93622780344718
154.2535946738558,-0.04193453500645857,-7.526791324676818,-0.1190651024433358,87.6754729115205,-27.253226090681125,87.79453801396383
158.4893190133918,-0.05297411805740154,-7.328778153911259,-0.1476656638767914,87.73435497375074,-27.04417333686462,87.88202063762755
162.8413541638263,-0.04623850453616041,-7.07066402436761,-0.1627881585081041,87.43728421987598,-26.792794820842214,87.60007237838408
167.3128939601797,-0.0484337244114024,-6.792819690188744,-0.156126586846933,87.43490128951254,-26.512755266788105,87.59102787635948
171.9072199385386,-0.04554939671562054,-6.559373070943558,-0.1193229159515908,86.90372256755757,-26.2821929752387,87.02304548350915
176.627703744282,-0.05632036789295571,-6.398278232754929,-0.1348827522432249,86.87894818181684,-26.11032716587274,87.01383093406007
181.4778096064361,-0.05219384629047291,-6.158584764905395,-0.1826108884375232,87.29016031445603,-25.874760219625685,87.47277120289355
186.4610968799737,-0.04974480562723634,-5.919816438281326,-0.128162577292304,86.83805308979531,-25.638440933664853,86.96621566708761
191.5812226579239,-0.05381606548226016,-5.693149872181362,-0.1538029814196476,86.84490163045628,-25.407703107709867,86.99870461187592
196.8419444552083,-0.05679279765088513,-5.460288359994612,-0.1401359979745157,87.07229921466065,-25.171864863354493,87.21243521263516
202.2471229661752,-0.03917831969405856,-5.224985592617032,-0.123972812769425,86.74584021362722,-24.954176573933736,86.86981302639664
207.8007248978529,-0.06357811574618268,-4.99274792222841,-0.1698389287778788,86.50611038175349,-24.697539107492993,86.67594931053137
213.5068258810039,-0.04703548918020881,-4.764609371515234,-0.1559732663444281,87.03328609071195,-24.48594318334579,87.18925935705639
219.3696134611141,-0.05958126932310983,-4.550576185436413,-0.1230065894484545,86.13891466945641,-24.259364217124066,86.26192125890486
225.3933901715141,-0.05745800950002591,-4.31398223105144,-0.1770926645443996,86.056092096871,-24.02489352256218,86.2331847614154
231.5825766908855,-0.04597683201800765,-4.060014415921436,-0.1528333613528647,86.04896568217112,-23.78240688491419,86.20179904352398
237.9417150874722,-0.04741377251059082,-3.840416358190188,-0.1691289645425717,85.95897191658506,-23.561371886690363,86.12810088112764
244.4754721523749,-0.06145225706781536,-3.621094610057209,-0.1544036296546609,85.94557774105296,-23.328011654000157,86.09998137070764
251.1886428243766,-0.0493009345281687,-3.388177114135422,-0.1809017774394579,85.89567849417317,-23.10724548061802,86.07658027161263
258.0861537088122,-0.04984146376416581,-3.17217381592211,-0.1732316803906357,85.51907805444675,-22.89070165316871,85.69230973483738
265.1730666930638,-0.06623518455454606,-2.917300772780844,-0.1372801834995319,85.74836285016812,-22.619434889237063,85.88564303366765
272.454582661337,-0.04494216166038642,-2.664954165705271,-0.2321020881493805,85.4973500933374,-22.38838130505565,85.72945218148678
279.936045311441,-0.04965463343188457,-2.467254877750993,-0.2294283222139938,85.36456581845208,-22.185969545329872,85.59399414066607
287.6229450763778,-0.04416614236213459,-2.240642802310072,-0.2425073689292289,85.36304473346972,-21.9648459609587,85.60555210239895
295.5209231536143,-0.05761664734085009,-1.972362336792613,-0.2127320581557562,85.36296376778073,-21.683114990462528,85.57569582593649
303.6357756449972,-0.05183508423940672,-1.702421553611425,-0.253187776538981,84.23024785842904,-21.418955770382784,84.48343563496802
311.9734578103477,-0.05822244226244798,-1.484740933347044,-0.2427430736619179,84.50823799606496,-21.19488779209536,84.75098106972688
320.5400884378573,-0.04192440487582161,-1.294599379859044,-0.2037301058374643,84.77971351116986,-21.021044275993987,84.98344361700732
329.3419543344928,-0.05358009304111588,-1.078792375654897,-0.2468497872099224,84.65480216972436,-20.793581583624544,84.90165195693429
338.3855149397057,-0.05561443119295312,-0.7982435387507542,-0.2459008192747614,84.30078715752761,-20.510998408568565,84.54668797680237
347.6774070658311,-0.05843730390594415,-0.6029651052096273,-0.2345845682810221,84.19386669857873,-20.312897102314448,84.42845126685975
357.2244497686557,-0.06063032355797585,-0.3499663799074059,-0.2690140992183732,84.12455708108575,-20.057705357360195,84.39357118030412
367.0336493517297,-0.03831053872422722,-0.1321423557612114,-0.2268672442950611,83.82835897652768,-19.86220111804775,84.05522622082275
377.1122045080934,-0.06251637031073728,0.0876606592165047,-0.2679135856388674,83.81023702132063,-19.618192271483522,84.0781506069595
387.4675116031943,-0.05899395168045856,0.3096094465850712,-0.267330649861223,83.62000575381933,-19.399765902745234,83.88733640368055
398.1071701028692,-0.05088058983936009,0.544477740594427,-0.2801046141193975,83.26072310772462,-19.17301097057698,83.54082772184401
409.0389881503765,-0.06531088915477437,0.7600863148180547,-0.2515011693730007,83.13367592638767,-18.942972097037934,83.38517709576067
420.2709882965707,-0.05614188860639294,1.020839356471951,-0.2799849645783148,83.0291418025853,-18.69138805593242,83.30912676716362
431.8114133874249,-0.05958104147317002,1.239986201168259,-0.3399873276771078,82.82236755868587,-18.468802058369334,83.16235488636299
443.6687326132216,-0.05401340806368213,1.496683414578222,-0.3291438551847952,82.57333802644555,-18.21767247836886,82.90248188163035
455.8516477238502,-0.06249088998163849,1.724313053676308,-0.3440266066762207,81.9797315674156,-17.981565357352817,82.32375817409182
468.3690994147752,-0.06290981891084069,1.930689763049543,-0.3295034965386542,82.18196230210908,-17.774769719050383,82.51146579864773
481.2302738883575,-0.05657340508734357,2.169101377346051,-0.3603735263458489,81.8951547026104,-17.54269451857737,82.25552822895625
494.4446095953488,-0.04948047223647717,2.452613008421298,-0.3674400823734726,81.45699875022517,-17.26627582035299,81.82443883259864
508.0218041615014,-0.05326540103643752,2.691617464026464,-0.3941824564831801,81.17599741490145,-17.023486435947863,81.57017987138462
521.9718215043814,-0.06628037913977891,2.89153371407756,-0.370934298906016,81.08963756981647,-16.810555207793424,81.4605718687225
536.3048991456038,-0.06461915217138721,3.138112142667563,-0.4022064199482733,80.63686951339916,-16.565638006171813,81.03907593334743
551.0315557238603,-0.0654078074559769,3.381114062706649,-0.4345235992442316,80.632135075961,-16.321847430848138,81.06665867520523
566.1625987142479,-0.06030152005021712,3.568174114976998,-0.4226917823032277,80.46004479106578,-16.13989366598355,80.88273657336903
581.7091323595694,-0.06211348937341672,3.823258909119527,-0.429815766593757,79.76152330234105,-15.88299690251782,80.19133906893481
597.6825658194213,-0.05243302287893745,4.032212201856351,-0.4068336284132269,80.09757936274752,-15.683724076275476,80.50441299116075
614.0946215430519,-0.07186306768746567,4.265097082176506,-0.4151865229122698,79.74234456157306,-15.431409151146791,80.15753108448533
630.9573438721341,-0.06602429402527739,4.513378224884067,-0.4773277420372095,79.45712749733576,-15.18896678210142,79.93445523937297
648.2831078797664,-0.06198982929406829,4.748740876847913,-0.4744959209825672,79.45581323043068,-14.957638594868783,79.93030915141324
666.0846284521864,-0.0647678838661135,5.015871411531548,-0.4839990980701712,78.83096039786008,-14.687730005613103,79.31495949593025
684.3749696198653,-0.0591101603531456,5.237368677470745,-0.4686905756935593,78.64126623871194,-14.471890463186874,79.10995681440549
703.16755414483,-0.06135516998579105,5.451781678006076,-0.511925678439969,78.24434356331243,-14.255232453018898,78.75626924175239
722.4761733712451,-0.07342373711187766,5.648155359282775,-0.4530913678860894,77.9414584053906,-14.046790204616112,78.3945497732767
742.3149973464901,-0.06344997742003645,5.844482193866131,-0.5308992754173696,77.59343380378868,-13.860437129724597,78.12433307920605
762.6985852201543,-0.07611277783571471,6.122027648859911,-0.5389630312748402,77.48923312956695,-13.570228874315138,78.0281961608418
783.6418959285834,-0.06008364378249785,6.350058549115689,-0.5307146897090499,76.83997051773923,-13.358227108112578,77.37068520744828
805.1602991728187,-0.07610079336643008,6.543461223936235,-0.5866064486240096,77.0887609100154,-13.1488072837081,77.67536735863942
827.2695866979827,-0.0849977879224687,6.788642747158659,-0.488988225052628,76.44881243963628,-12.894728765929637,76.93780066468891
849.9859838823942,-0.06879940735623966,6.995314907359813,-0.5741558443834601,76.2246751601841,-12.704254986294712,76.79883100456756
873.3261616449116,-0.07553569031489572,7.218747595655329,-0.5775711873932978,75.77855421243515,-12.474086015040541,76.35612539982846
897.3072486792474,-0.07635817520359608,7.443119642930458,-0.6308579547569351,75.58696563558802,-12.248891482876711,76.21782359034495
921.94684402423,-0.08859533939821065,7.630183635392315,-0.6261963917696148,75.08377123589464,-12.049590326220239,75.70996762766426
947.2630299792385,-0.07288635025547595,7.86868531842077,-0.6249835249643876,74.81694720741882,-11.826797632334518,75.44193073238321
973.2743853742886,-0.07906410030580996,8.065051878069822,-0.6233767111642435,74.253416793621,-11.624253322635132,74.87679350478524
999.9999992045089,-0.08406752800416839,8.286940183933737,-0.6689630554232827,73.77260990648684,-11.39736158907286,74.44157296191011
1027.459484639012,-0.07980967074859636,8.54446223364678,-0.6314193320964967,73.36207701821527,-11.144097396615388,73.99349635031177
1055.672993414443,-0.08374163982303293,8.745536017712944,-0.6756261888470277,73.04255872368094,-10.939091643474788,73.71818491252797
1084.661230623765,-0.09801531677917044,8.939021417693422,-0.7128233197397106,72.58391597198107,-10.731332566538173,73.29673929172078
1114.445469911142,-0.09618648739463788,9.154553374066053,-0.7377011127042511,72.0568021836623,-10.517629439550074,72.79450329636656
1145.047569084059,-0.09505548148636289,9.38203394562301,-0.7139165671212906,71.5886073024115,-10.291279873901392,72.30252386953279
1176.489986154148,-0.08033436357566906,9.592067384269479,-0.7298727224714517,71.05076398660627,-10.095967553165616,71.78063670907773
1208.795795818485,-0.08762692020439206,9.787140286603877,-0.7635210964636866,70.8268266491885,-9.893602094202494,71.5903477456522
1241.988706393457,-0.09895389189624729,10.01082086814952,-0.8026112678368961,70.35490181022841,-9.658594540964998,71.1575130780653
1276.093077213615,-0.107362457767061,10.17751035697557,-0.7202871219755401,69.72747616136351,-9.483496486268132,70.44776328333906
1311.133936508307,-0.08824641767540975,10.41761624983952,-0.8293699330046708,69.05765003027939,-9.262506633495834,69.88701996328406
1347.13699976918,-0.1004798547627695,10.62262579763955,-0.8172432159964444,68.78921449202849,-9.045263648608445,69.60645770802493
1384.128688622049,-0.0924041566925736,10.83998262255557,-0.8376874864057517,68.14796425927462,-8.83598252176262,68.98565174568037
1422.136150216979,-0.09758442789136011,11.02950285095464,-0.8326779583365943,67.53075198585508,-8.641282022164765,68.36342994419167
1461.187277150807,-0.1216252814530077,11.2245196648685,-0.8522063030532683,66.98854881445274,-8.422224354689256,67.840755117506
1501.310727936729,-0.1054450634079035,11.4373924510576,-0.8983311553974093,66.40476974908388,-8.225531786545261,67.3031009044813
1542.535948035966,-0.1150727643903161,11.65161302385933,-0.8820252675515811,65.81161285940847,-8.001683512761119,66.69363812696005
1584.893191466952,-0.1229595319412126,11.79607459253297,-0.8835219652083235,65.36628762753021,-7.849335176536583,66.24980959273853
1628.413543007902,-0.1174317357466108,11.99929893577184,-0.9506100815867355,64.68465364490555,-7.651638629492314,65.63526372649228
1673.128941009046,-0.1346863081366168,12.20352213020731,-0.9085087525205333,64.0166252600423,-7.430160862666838,64.92513401256284
1719.072200831277,-0.1233066059817004,12.38748396079355,-0.9160781162841397,63.49703204078448,-7.257578734235516,64.41311015706862
1766.277038928414,-0.1178980731348703,12.57377706806694,-0.9459245872094062,62.81467714604563,-7.076694159808953,63.76060173325504
1814.778097590749,-0.1348557354677126,12.75235208878846,-0.9661054575082203,62.3979003273535,-6.881161476754592,63.36400578486171
1864.610970368039,-0.1289112045833218,12.96307958739473,-1.008915583405734,61.61566733104966,-6.676378509032713,62.62458291445538
1915.812228190605,-0.1367382610702646,13.1372912673486,-1.026198643172726,61.00532719094208,-6.4943397725919,62.03152583411481
1968.419446207697,-0.1448326682588938,13.29966798892239,-1.011867953983628,60.30265244539507,-6.3238686438294796,61.31452039937869
2022.471231362828,-0.1482147979676899,13.45511377017256,-1.044644648992491,59.66048082663778,-6.165040732870516,60.705125475630275
2078.007250726315,-0.1460669643634867,13.65469797143558,-1.01619028225709,58.96203884921849,-5.967604365211699,59.97822913147559
2135.068260605818,-0.1633063526297038,13.81878610162931,-1.022246481945546,58.37521201907231,-5.7862768467517505,59.39745850101785
2193.696136456232,-0.1536624871157559,14.00312100087489,-1.094358378932953,57.62771729080634,-5.611585813020119,58.7220756697393
2253.933903610897,-0.1643985299169281,14.17927315751425,-1.05417838957153,56.86500330360902,-5.4246976135795855,57.91918169318056
2315.825768856667,-0.1707183611041456,14.31476284196228,-1.1312915544464,56.21121984827752,-5.2828880979443404,57.34251140272392
2379.417152876021,-0.1764073705416422,14.48135282234512,-1.046959437338402,55.44443717964712,-5.110609108124002,56.49139661698552
2444.754723580003,-0.1731315874318894,14.64733657059282,-1.053977738027268,54.77544043919596,-4.947901142986055,55.82941817722323
2511.886430356483,-0.1763554516312995,14.79882471201877,-1.137866316211067,54.00833667085779,-4.793189137360695,55.146202987068854
2580.861539258853,-0.172813399191452,14.95342631053368,-1.15218572612798,53.29499734401635,-4.642129591285631,54.447183070144334
2651.730669160977,-0.1945604069985019,15.09769984476028,-1.123373373840245,52.51371727731863,-4.476109049251983,53.63709065115887
2724.545828904952,-0.190930709548971,15.26568786390158,-1.131593287507278,51.72921567652379,-4.311750727560215,52.86080896403107
2799.360455468918,-0.1906852183461547,15.38761183819559,-1.142752001422188,51.00959021244628,-4.190072244469018,52.152342213868465
2876.22945318294,-0.1880008739917019,15.53416464168752,-1.148794403386971,50.21997388139801,-4.046203785331542,51.368768284784984
2955.209234021734,-0.20798118562522,15.67331359445784,-1.15403560953443,49.45353480169937,-3.8870745209277047,50.6075704112338
3036.357759003816,-0.2181364660074233,15.81694558305812,-1.197366470356501,48.69414427421533,-3.733287251945221,49.89151074457183
3119.734580727448,-0.2052911198819204,15.94620984958989,-1.148433802329158,47.97928785400817,-3.616868331538953,49.12772165633733
3205.400887074596,-0.220489925116521,16.08042374006197,-1.176602606762612,47.16080248256888,-3.4674556358322732,48.3374050893315
3293.419546114983,-0.2263083540373534,16.21263775046173,-1.181578957071786,46.33446781624524,-3.32942319651168,47.51604677331702
3383.855152243176,-0.223462330288787,16.32649687906278,-1.158779253013161,45.58132224949927,-3.218410091659198,46.74010150251243
3476.774073582583,-0.2273071104807425,16.44452106024248,-1.184078053581706,44.78806631852354,-3.096541130287541,45.97214437210525
3572.244500691128,-0.2259936257962915,16.56935020291802,-1.186383078452784,44.0488189432963,-2.9730254722964524,45.23520202174908
3670.336496604371,-0.2434492564858014,16.65982913595082,-1.159341794521815,43.29438423072139,-2.865090908574146,44.453726025243206
3771.122048252779,-0.2308598838660759,16.78407042996751,-1.143268389079545,42.50693592138261,-2.75343898717718,43.65020431046216
3874.675119290886,-0.239133437051037,16.86794005068726,-1.147110862085659,41.78608055620325,-2.661295813272467,42.933191418288914
3981.071704377124,-0.258866287535768,16.98548584413939,-1.137240388072487,40.97422309629903,-2.5240171693356075,42.11146348437151
4090.389884944143,-0.2428998893546351,17.08454710599932,-1.099821762539015,40.1711993472511,-2.440922305656809,41.27102110979011
4202.709886500555,-0.262426560011198,17.18298319478479,-1.082444979296785,39.43763854811284,-2.3229595462147756,40.520083527409625
4318.114137506162,-0.2551896053225418,17.27498755243546,-1.072257622147744,38.66772388766285,-2.238192143252764,39.7399815098106
4436.687329863859,-0.2675287441403302,17.369566862435,-1.103506070892786,37.87723507640229,-2.1312736944354356,38.98074114729508
4558.516481072616,-0.2649173480133639,17.46398208440682,-1.06079699467189,37.10460690783598,-2.039469868590583,38.16540390250787
4683.690998087146,-0.2821548048383531,17.53341100942372,-1.079617044154084,36.4136775776336,-1.9528034867486923,37.49329462178768
4812.302742931144,-0.275625624391011,17.6330658349273,-1.093089808904807,35.6163639635744,-1.8596778416924522,36.70945377247921
4944.446100112202,-0.2822222799313491,17.70898889760668,-1.066826530195925,34.89311026003447,-1.7771581234727343,35.9599367902304
5080.218045887924,-0.2815200689612298,17.77682923068408,-1.054351039137732,34.19999510104985,-1.7100200013654572,35.25434614018759
5219.718219434056,-0.2936936454743924,17.85465247669223,-1.038814736639037,33.44911388090941,-1.6200231788441428,34.48792861754845
5363.048995966834,-0.2908557766130299,17.93073708468887,-1.063157344873753,32.73711954999674,-1.5467764397088644,33.80027689487049
5510.315561873262,-0.2996813577067227,17.98423407933077,-0.999524664291887,32.08395269927708,-1.4844538639732718,33.08347736356897
5661.625991904403,-0.3046545577010238,18.07376500784843,-0.9895210933635834,31.31814142700703,-1.389949735461311,32.30766252037061
5817.091328488379,-0.3085182836304992,18.12440163418765,-0.960509254925039,30.64097994354382,-1.3354493831926177,31.60148919846886
5976.825663221248,-0.3123216039280681,18.17995046159678,-0.9304787587322096,29.97715041370497,-1.276097235485917,30.907629172437183
6140.946220595593,-0.3116581956588289,18.25372437758915,-0.9221858919134406,29.27164587118965,-1.2029867277627844,30.193831763103095
6309.573444028247,-0.3098215367012813,18.29796514668612,-0.9570159956077798,28.63029928281407,-1.160582617623362,29.587315278421848
6482.831084250294,-0.3116413235454151,18.35976885604145,-0.9299634542363614,27.95445569297035,-1.0969591214239003,28.88441914720671
6660.846290124219,-0.3104101501356049,18.40941450896556,-0.8995136862387457,27.32984457373993,-1.0485446419095972,28.229358259978675
6843.749701954849,-0.3115875124460309,18.46324655710935,-0.8755598831703104,26.72147556004909,-0.9935352314553825,27.5970354432194
7031.675547362557,-0.3136348552620951,18.51431038008184,-0.8851217039834551,26.05160131155378,-0.9404240656668286,26.936723015537236
7224.76173978911,-0.3154336998875076,18.55586954672728,-0.8787130218465139,25.45266857659806,-0.8970660543959781,26.33138159844458
7423.149979708422,-0.3107612660584506,18.60177435577871,-0.8534504881688613,24.79313226182688,-0.8558336791736068,25.64658274999574
7626.985858616507,-0.3292370105492624,18.63385746270081,-0.799808791681031,24.26845751723905,-0.8052748277606909,25.068266308920084
7836.418965876952,-0.3229138137471226,18.68364170369227,-0.8242667655102749,23.63721885067469,-0.7618137835713732,24.461485616184962
8051.602998500292,-0.3234056033014407,18.72785820207192,-0.8092954680477671,23.07354310788106,-0.7171054956374014,23.88283857592883
8272.69587393789,-0.3217701523754476,18.75819034470627,-0.8256366745318031,22.45908178454369,-0.6884088039290468,23.284718459075496
8499.859845973071,-0.3209543871267263,18.79668482125895,-0.7968915060710043,21.98175486830641,-0.6507300926250892,22.77864637437742
8733.261623794557,-0.312782508728321,18.82046310866259,-0.7782329910887602,21.42423861692561,-0.6351236836198524,22.20247160801437
8973.072494339616,-0.3186409521437588,18.85777841528432,-0.7583287815697706,20.86101566309679,-0.5919499335826863,21.61934444466656
9219.468447996682,-0.3148574816417382,18.89393501197826,-0.7747844006235465,20.37257516403882,-0.5595768073907657,21.147359564662366
9472.630307759699,-0.3194599204048301,18.92530751377322,-0.7576778013174488,19.81863722314591,-0.5236018668327134,20.57631502446336
9732.743861928977,-0.3191341527906315,18.94931384614539,-0.7353552838666012,19.34919352653404,-0.4999213020747426,20.08454881040064
10000.00000045598,-0.319104246977773,18.97590590637765,-0.7468381858431636,18.82066966827426,-0.4733591476553407,19.567507854117423
10274.59485503198,-0.3144337883904603,19.00713214155592,-0.7233351212984294,18.31150218172922,-0.4468033710643837,19.03483730302765
10556.7299430236,-0.320389236032645,19.03047081944635,-0.7406727654883595,17.85312653022071,-0.41750924553176816,18.59379929570907
10846.61231536065,-0.3174595975722464,19.0476772361252,-0.7255263397544581,17.40997107602973,-0.40323246731331963,18.13549741578419
11144.45470848494,-0.3152994776512812,19.07651966790401,-0.7101893499295021,16.92169861399752,-0.376550155455476,17.631887963927024
11450.47570047151,-0.307889275156245,19.10103433420372,-0.7189814268474324,16.45120679339209,-0.359445691650798,17.17018822023952
11764.89987143688,-0.309398736928056,19.12190246099156,-0.7307488149814501,16.01403213741559,-0.33706810309114843,16.74478095239704
12087.95796835199,-0.3055817169782816,19.14244029223515,-0.7039252886167178,15.60289397379448,-0.3203472917973329,16.306819262411196
12419.8870743809,-0.2984543158088652,19.15905982957948,-0.7441931290303649,15.15147247035385,-0.31085515562241994,15.895665599384216
12760.93078286934,-0.3146216358322842,19.17977939733405,-0.7046037595650717,14.75643082317224,-0.27396826784443107,15.46103458273731
13111.33937611101,-0.3054538006695783,19.19869008708903,-0.7600444696386937,14.3011023027023,-0.26422541325215576,15.061146772340996
13471.37000902258,-0.2980715328845295,19.20456493803377,-0.7307196988566124,13.96877611056696,-0.2657328300924675,14.699495809423574
13841.28689786241,-0.299644156895875,19.22377594468993,-0.753316692030799,13.53923934612324,-0.2449491994249584,14.29255603815404
14221.36151413141,-0.3049470238362803,19.24348756742516,-0.7669752816245816,13.166988344114,-0.2199347097493245,13.933963625738583
14611.87278379817,-0.3005362324106203,19.25757766704057,-0.7681694160928496,12.78319833340268,-0.21025540155957145,13.55136774949553
15013.10729199488,-0.2923640259517624,19.28151793947023,-0.7715522484744045,12.40529349596349,-0.19448733558877151,13.176845744437895
15425.35949333401,-0.2940251672263806,19.28206732001565,-0.7924524118301308,12.05847762737023,-0.19227681376873562,12.85093003920036
15848.93192800015,-0.2876844347817519,19.29992892696875,-0.8050921636135171,11.71638338736582,-0.180755939260262,12.521475550979337
16284.13544377573,-0.2864339699720583,19.311428269929,-0.8514065828619986,11.35677496992513,-0.17050706110970637,12.208181552787128
16731.28942416329,-0.2925160274761908,19.32178200029276,-0.8537187411251852,10.98374961453573,-0.15407127324181502,11.837468355660915
17190.72202277205,-0.2747486539339724,19.33613099720001,-0.8522965476764458,10.67944664759103,-0.1574896498767835,11.531743195267476
17662.77040414048,-0.2775118738659479,19.34792343300946,-0.8812487282863825,10.32399122728175,-0.14293399413535823,11.205239955568132
18147.78099117179,-0.2768633783268085,19.3546099173109,-0.9100883238256928,10.00968727554667,-0.1368960053730568,10.919775599372363
18646.10971936386,-0.2771747413771774,19.3667002651742,-0.9426323580155171,9.678703874470758,-0.12449429445938875,10.621336232486275
19158.1222980202,-0.2726518555960354,19.37397013670267,-0.9894728655393966,9.351308990019357,-0.12174730871205952,10.340781855558753
19684.19447863363,-0.2724082823537788,19.38679187200444,-0.9738025191865823,9.073235196320361,-0.10916914665254396,10.047037715506944
20224.7123306396,-0.2707269326053434,19.39813697485515,-1.010766527003244,8.763612810451765,-0.09950539355027388,9.77437933745501
20780.07252474162,-0.2641849045636567,19.40071443545982,-1.072374752604077,8.468307814948366,-0.10346996098728667,9.540682567552443
21350.68262401662,-0.2678748241721421,19.41429098878088,-1.089295339115772,8.18653835598941,-0.08620348805774114,9.275833695105181
21936.96138301391,-0.2625969191423101,19.42123951059279,-1.145306608875382,7.907730078295483,-0.08453287127566256,9.053036687170865
22539.33905506724,-0.2548870099291429,19.42792896340253,-1.192592595300905,7.578393717132177,-0.08555332767909363,8.770986312433081
23158.25770804557,-0.2492260552209325,19.43158450120005,-1.221213871416069,7.322046739748676,-0.08755874458978141,8.543260611164746
23794.171548774,-0.2442925106966417,19.44638867971985,-1.227427290949487,7.054208947745264,-0.0776881105942735,8.281636238694752
24447.54725636341,-0.2467488914931146,19.44658196900144,-1.313213993406538,6.798969016641125,-0.07503844051620945,8.112183010047664
25118.86432469291,-0.2470811457154725,19.456425059341,-1.314549887102773,6.532792827080546,-0.06486309595429063,7.847342714183319
25808.61541429679,-0.2422557203105508,19.46171420519667,-1.381890821658933,6.242394606271119,-0.06439937550354458,7.624285427930052
26517.30671391416,-0.2418534444707982,19.4646331523306,-1.462519572797387,5.998078422587468,-0.061882704209367034,7.4605979953848545
27245.4583119664,-0.2458880600933861,19.47511791847213,-1.439545352658625,5.796205641868378,-0.04736332244524988,7.235750994527002
27993.60457823538,-0.2383359823263075,19.47774393370792,-1.528310306713347,5.514201771518735,-0.05228938497653601,7.0425120782320825
28762.29455602219,-0.2320115521616107,19.48130899428903,-1.581119457735075,5.286829866927715,-0.05504875456012215,6.86794932466279
29552.09236507449,-0.2407263443374194,19.48277145281068,-1.62949537722591,5.028092586548663,-0.04487150386266592,6.6575879637745725
30363.5776155779,-0.2322637698895799,19.49843624592464,-1.69713917526175,4.783099104157616,-0.037669285196543,6.480238279419366
31197.34583351556,-0.2373774823494129,19.49514077376296,-1.763456771953311,4.540341445153,-0.035851044898393525,6.303798217106311
32054.00889770764,-0.2283076997189936,19.49584863190755,-1.794425550233346,4.329243900189714,-0.04421296938422259,6.123669450423061
32934.19548885189,-0.228006246886178,19.4997802301008,-1.893162064156947,4.104870368042001,-0.04058282402378666,5.998032432198949
33838.55155089455,-0.224483701094561,19.50476525031249,-1.935755739644444,3.880668154336882,-0.03912034960371358,5.816423893981326
34767.74076507022,-0.2244944368389623,19.5093192330317,-1.976954684547344,3.674104057109322,-0.034555631140101184,5.651058741656666
35722.44503695875,-0.2209411708902071,19.51774106663987,-2.058153811025514,3.432911390602011,-0.029687063480686504,5.491065201627526
36703.36499691631,-0.2193408026488961,19.51072707549119,-2.137997922569795,3.195812629285653,-0.038301422870677726,5.333810551855448
37711.22051424817,-0.2203995716590852,19.51868637653412,-2.228441049496079,2.987826630142329,-0.029283352817557784,5.216267679638408
38746.7512255003,-0.2127012717485809,19.53176498706937,-2.292753719266289,2.766738221549992,-0.023903042192813473,5.059491940816281
39810.71707725766,-0.2165582369575244,19.52165185323069,-2.377243908659556,2.547760395433979,-0.03015921082254991,4.925004304093536
40903.8988838474,-0.2129599916696098,19.53614495892769,-2.436528138516324,2.336278688403146,-0.01926435041346508,4.772806826919471
42027.09890035634,-0.210722529423073,19.53748816793277,-2.465524397780789,2.134202634663931,-0.02015860365492017,4.59972703244472
43181.14141138319,-0.2069305823687735,19.53657794802545,-2.621303068278318,1.924555681535215,-0.024860770616541572,4.545858749813534
44366.87333595758,-0.2063323349942537,19.54238861551092,-2.659104649189282,1.7105596525718,-0.019648350505590884,4.369664301761082
45585.16484906993,-0.2131241348298399,19.53898023887036,-2.777331820558438,1.512061856729567,-0.016264927310565724,4.289393677288005
46836.91002026819,-0.2028182964014385,19.54751252956728,-2.835887888588402,1.280112877696233,-0.018038475042047253,4.116000766284635
48123.02746979005,-0.2063080635092298,19.54750653138702,-2.939757533135747,1.09429623339737,-0.014554706114513039,4.034053766533117
49444.46104271217,-0.2071930247856489,19.54309778091398,-3.053696554880915,0.8936632349873705,-0.018078495311137033,3.9473597898682855
50802.1805016115,-0.2068457013534058,19.54883358083638,-3.153888425531309,0.6641372916068473,-0.012690018820979532,3.8180257171381564
52197.18223824628,-0.1986619179820098,19.55603473259465,-3.218878354947378,0.4774348016624734,-0.01367265043410626,3.6963131566098513
53630.49000477975,-0.2060314954791744,19.55142552779911,-3.291057024223212,0.2838357878228161,-0.010912277732479936,3.5748928120460284
55103.15566508282,-0.1985827926492526,19.56297805984768,-3.451274419637488,0.06562186307257908,-0.006808448513833554,3.5168962827100674
56616.25996666705,-0.2003032818483745,19.55749896926975,-3.521874570257415,-0.1319261918334757,-0.010567049892639346,3.3899483784239393
58170.91333381456,-0.2000060406865098,19.55237881549296,-3.679699842949919,-0.3678768779333439,-0.015984444831293132,3.311822965016576
59768.25668248692,-0.2011251927150571,19.55887934826628,-3.780084133283887,-0.5580273208736185,-0.008364760029426321,3.2220568124102686
61409.46225761096,-0.1990123148737213,19.5612826886515,-3.882833695788594,-0.7483149841371826,-0.008074297485546111,3.1345187116514115
63095.73449335598,-0.1965098238334808,19.56411455190039,-4.026910754140276,-0.9707656607076035,-0.007744925276895742,3.056145093432673
64828.31089703389,-0.2026619351755217,19.56103708017875,-4.079856892603401,-1.147007423238169,-0.004670285656494855,2.932849469365232
66608.46295727059,-0.2014220119746165,19.56061205489483,-4.250485671665619,-1.36232144949134,-0.006335234141317869,2.8881642221742796
68437.49707711548,-0.1986233787329805,19.56372621430247,-4.341182038860553,-1.562766439189871,-0.006019707975315924,2.778415599670682
70316.75553277339,-0.1938079041735297,19.56087358200331,-4.502983111961646,-1.789376391660161,-0.013687814833925671,2.7136067203014846
72247.61745866317,-0.1977198340108434,19.56841635381956,-4.597654783614661,-2.021401891759667,-0.0022331131803596804,2.5762528918549936
74231.49985952511,-0.1983962824762023,19.56372166858745,-4.738866742471311,-2.204853814030549,-0.006251349947110185,2.5340129284407618
76269.85865032065,-0.1950664632798305,19.56875987670919,-4.843611500421357,-2.400039277572457,-0.004542961021744674,2.4435722228489
78364.18972468686,-0.1896059881209079,19.57241254132115,-5.001063888584944,-2.627898761162864,-0.00635077156870878,2.3731651274220797
80516.03005273039,-0.1981038002668625,19.56590642929195,-5.243744130879698,-2.923592688907229,-0.004359071451951024,2.320151441972469
82726.95880896623,-0.1955490128872414,19.56325374075203,-5.400028553700351,-3.10687451567159,-0.009566547371491652,2.2931540380287614
84998.59853122894,-0.1947372882808558,19.57015147544922,-5.474648199129463,-3.322614582900793,-0.003480537280690754,2.15203361622867
87332.6163114072,-0.1964512802549358,19.56914325035871,-5.636733172577571,-3.561481532532851,-0.0027747703971172655,2.0752516400447205
89730.7250188751,-0.1983701293078454,19.56938398382317,-5.85777369983741,-3.792207188655331,-0.0006151878797489019,2.0655665111820793
92194.68455751849,-0.1971480036823813,19.56924083516929,-6.025127454276208,-4.013510423680332,-0.001980462159092866,2.0116170305958763
94726.30315727826,-0.1984007879227001,19.56733625878346,-6.101097110043797,-4.175726314547357,-0.0026322543046042313,1.9253707954964405
97327.43870115916,-0.2013667977100252,19.56700250330074,-6.346253066517693,-4.466521752547976,0.0,1.8797313139697167
100000.0000886772,-0.1975117087544223,19.56492013784125,-6.572748446171696,-4.741474602113643,-0.005937454415093413,1.8312738440580534
